text,language
Forlorn hope,English
Short end of the stick - The,English
Loose cannon,English
Pass the buck,English
Magical realism,English
Abracadabra,English
Bandy words,English
No more cakes and ale?,English
Sold down the river,English
Kickin' - Alive and,English
Derdemannetjie speel.,Afrikaans
Sticky wicket,English
"Moenie wag dat iets vorendag km nie, vat â€˜n graaf en soek die skat.",Afrikaans
Biblical phrases,English
Join the colours,English
Make a virtue of necessity,English
Keep up with the Joneses,English
Raise Cain,English
Kowtow to,English
The year dot,English
Daar is baie goeie maniere om jou teen versoeking te beskerm â€“ die maklikste is om â€˜n lafaard te wees.,Afrikaans
"Saam met ons, rondom ons, in ons en by ons is die onsienlike. Hy sal altyd daar wees.",Afrikaans
Carbon-copy,English
"Waar rook is, is vuur.",Nederlands
Get a word in edgeways,English
"â€œPasop vir Chantel, sy brand die kookwaterâ€.",Afrikaans
Lyk of hy van die ape gekul is.,Afrikaans
Run a mile,English
â€˜n Mens moet die wÃªreld â€˜n beter plek agterlaat as wat jy dit gekry het.,Afrikaans
"Wyse woorde val dikwels op bar grond, maar â€˜n vriendelike woord word nooit misken nie.",Afrikaans
Not rocket science,English
Butt end of the stick - The,English
Do unto others as you would have them do to you,English
A stone's throw,English
Men in suits,English
Physician heal thyself,English
Let not the sun go down on your wrath,English
Cleft stick - In a,English
The whole nine yards,English
"Moenie roem dat jy geen kwaad gedoen het nie. Watter goed het jy gedoenâ€ â€˜n Steeks perd is nie meer werd as een wat skop nie. Hy beteken minder â€“ een wat skop, kan jy terug skop, maar jy kan nie terug steeks wees nie.",Afrikaans
Chain is only as strong as its weakest link - A,English
"That's one small step for a man, a giant leap for mankind",English
Finger lickin good,English
"Jan van Rooy, vang â€˜n vlooi â€“ poef hom rooi en sÃª â€“ dis mooi!",Afrikaans
Jannie is al ringbek.,Afrikaans
Vergelyk eers wat jy het met wat jy nie het nie â€“ dan kan jy waardeer wat jy nie het nie en liefkry wat jy het.,Afrikaans
Zero tolerance,English
Cut to the chase,English
"Uit het oog, uit het hart.",Nederlands
"If you can't stand the heat, get out of the kitchen",English
Thorn in the flesh,English
Chaise lounge,English
Copper-bottomed,English
Die son sit manshoogte van die berg af.,Afrikaans
"Close, but no cigar",English
Senior citizen,English
An ill wind,English
I see you stand like greyhounds in the slips,English
Nail your colours to the mast,English
Get over it,English
Packed to the gunwales,English
Lick and a promise,English
Middle for diddle,English
Vice versa,English
Die has been cast - The,English
Die mooiweer sal jou nie beskadig omdat jy jou jas en sambreel verniet saamgeneem het nie.,Afrikaans
"Broke - if it ain't, don't fix it",English
Dis nou druiwe na die Boland stuur.,Afrikaans
Bitter end - The,English
Cool Britannia,English
Bet your bottom dollar,English
There's an R in the month,English
Nog groenvoer op die land hÃª.,Afrikaans
Heavens to Betsy,English
Exception that proves the rule - The,English
On the dole,English
"Out of sight, out of mind",English
A ministering angel shall my sister be,English
Infra dig,English
Life of Riley,English
A pig in a poke,English
Amber nectar,English
Go over like a lead balloon,English
Hit the ground running,English
Mutton dressed as lamb,English
Adam sÃª dis Eva en Eva sÃª dis die slang.,Afrikaans
Maak jou vriendelikheid goedkoop en hou jou vriendskap duur.,Afrikaans
Little of what you fancy does you good - A,English
Sy trek holrug.,Afrikaans
Take potluck,English
Full to the gunwales,English
Keep at bay,English
The powers that be,English
Brook no truck with,English
The bitter end,English
Take the upper hand,English
Deus ex machina,English
Catbird seat - In the,English
"Die enigste tyd wanneer spaargeld niks werd is nie, is wanneer jy â€˜n goedkoop, sleg artikel gekoop het.",Afrikaans
Drink like a fish,English
Stand and deliver,English
"As jy by iemand se vuur gaan sit, moet jy eers kyk van watter kant die wind waai.",Afrikaans
Sixes and sevens - At,English
Road less travelled - The,English
Hoist with your own petard,English
Ivory tower,English
The usual suspects,English
Elke hart het sy smart.,Afrikaans
Colour up,English
A load of cobblers,English
Bygones be bygones - Let,English
Life's too short,English
"Marry in haste, repent at leisure",English
"Je moet geen oude schoenen weggooien, voordat je nieuwe hebt.",Nederlands
Might and main,English
Born within the sound of Bow Bells,English
Hy loop aandklas.,Afrikaans
"As jy dan dwing om te val, doen dit terwyl jy nog op die onderste trappie is.",Afrikaans
You look as if you've been dragged through a hedge backwards,English
Bury your head in the sand,English
My salad days,English
Not for all the tea in China,English
Like being savaged by a dead sheep,English
Wax lyrical,English
Push the boat out,English
The Yellow Peril,English
Real McCoy,English
Standing on the shoulders of giants,English
Paddle your own canoe,English
A leopard cannot change its spots,English
Jet-black,English
Ã€ la mode,English
Mad as a hatter,English
Ganse aanja.,Afrikaans
Bread always falls buttered side down,English
Leopard cannot change its spots - A,English
Come up trumps,English
Old lang syne - see auld lang syne,English
Daylight robbery,English
Gemak ondermyn â€˜n mens.,Afrikaans
Die kwaaikind moet uitgebrand word.,Afrikaans
Kick the bucket,English
Die berg het 'n muis gebaar.,Afrikaans
Sy tand koggel hom.,Afrikaans
Drummed out of the army,English
â€˜n Gordyn oor iets laat val.,Afrikaans
Hier kom nou weer baie loopneusdae meneer.,Afrikaans
Net goed wees om die dood te gaan haal.,Afrikaans
Pell-mell,English
Fish out of water - A,English
Het up,English
Put a sock in it,English
Hair of the dog that bit you,English
Red rag to a bull - A,English
Back to square one,English
Have a Captain Cook,English
I will swing for you,English
Get the pip,English
The nth degree,English
As cute as a bug's ear,English
Hit the hay,English
In your face,English
Geld groei nie op my rug nie.,Afrikaans
"As die hemel val, is ons almal dood.",Afrikaans
"Space, the final frontier",English
True blue,English
Counting sheep,English
A word in edgeways,English
Grass up,English
Die verste berge is altyd die blouste.,Afrikaans
"Dis goud wat blink, maar koper wat stink.",Afrikaans
Die beeste het in die brand geloop.,Afrikaans
Old codger,English
At sixes and sevens,English
"Om te dink is maklik; om te doen is moeilik. Om te doen soos â€˜n mens dink, is die moeilikste van alles.",Afrikaans
Comes to the crunch - (When it),English
Safe sex,English
"Ring a ring o'roses, a pocketful of posies, atishoo, atishoo, all fall down",English
Gone for a burton,English
Round Robin,English
The back of beyond,English
Like it or lump it,English
Save face,English
Beelzebub has a devil for a sideboard,English
Hy het die hasepad gekies.,Afrikaans
Hy het rooimiere.,Afrikaans
Gebraaide duiwe vlieg niemand in die mond nie.,Afrikaans
Separate the sheep from the goats,English
The buck stops here,English
Moet nooit aftree nie. Dis beter om te verslyt as om te verroes.,Afrikaans
How are the mighty fallen?,English
Call a spade a spade,English
Chip on your shoulder,English
Take the Mickey,English
Test your mettle - see show your mettle,English
Feeding frenzy,English
"Jack of all trades, master of none",English
Hush puppies,English
Don't count your chickens before they are hatched,English
Big Apple - The,English
Verskoon my Frans.,Afrikaans
Een gegeven paard moet je niet in de bek kijken.,Nederlands
Browned off,English
Plooie pyn nie.,Afrikaans
Hy groei deur sy hare.,Afrikaans
Forbidden fruit,English
Vir gâ€™n geld of goeie woorde te kry nie.,Afrikaans
"To gild refined gold, to paint the lily",English
"An eye for an eye, a tooth for a tooth",English
A man after my own heart,English
Sleep like a top,English
Julius se gesante en trawante raak al minder.,Afrikaans
In someone's bad books,English
Twenty four seven,English
Make a pig's ear of,English
(Ask not) for whom the bell tolls,English
Power dressing,English
â€œHy is twee Castles kort van â€˜n sixpack.â€  â€“ ingestuur deur Andre,Afrikaans
Japie my skapie jy hou my hart se punt in die holte van jou skaapwagters-hande.,Afrikaans
â€œHier het een gesit en pikstele knyp.â€  â€“ ingestuur deur LÃ¶dveteig Nan,Afrikaans
Beer and skittles,English
Charmed life,English
Make no bones about,English
A house divided against itself cannot stand,English
Hy is maar onder die belt.,Afrikaans
Misquotes,English
Daai klas wyn is nie vir â€˜n man met â€˜n dun kopvel nie.,Afrikaans
Full of piss and vinegar,English
Walk the plank,English
Go-faster,English
#ColouredSpreekWoorde was vroeÃ«r die week die gewildste onderwerp op Twitter in Suid-Afrika. Ons het so â€˜n paar geskraap << KLIK op die skakel vir Coloured Spreekwoorde,Afrikaans
Quality time,English
Van een kale kip kan men niet plukken.,Nederlands
Beyond belief,English
Arty-farty,English
My giddy aunt,English
Better to have loved and lost than never to have loved at all,English
Cookie cutter,English
So skaars soos â€˜n tweedehandse doodkis.,Afrikaans
"Brandewyn en vroueraad is goeie dinge, maar jy moet dit bietjies-bietjies gebruik.",Afrikaans
Rise and shine,English
(Take with a) pinch of salt,English
Keen as mustard,English
Sy kloek soos 'n hen al om haar kuikens.,Afrikaans
Pipe down,English
Using a sledgehammer to crack a nut,English
Shot in the dark,English
Fellow traveller,English
As old as the hills,English
Bald as a coot,English
(Can't) hold a candle to,English
Take a back seat,English
Go and boil your head,English
Marital aid,English
Go to the mattresses,English
Set your teeth on edge,English
Alle wegen leiden naar Rome.,Nederlands
Grace of God - There but for ...,English
Route one,English
Battle royal,English
The shot heard 'round the world,English
Vicious circle,English
â€˜n Graaf was my pen en die grond was my boek.,Afrikaans
Hobson's choice,English
Plug ugly,English
Lions led by donkeys,English
Hy lag al die pad bank toe.,Afrikaans
Full Monty - The,English
Piece of the action,English
Without so much as a by your leave,English
"To sleep: perchance to dream: ay, there's the rub",English
Your name is mud,English
Flavor of the month,English
Crack of doom - The,English
Stars and garters - My,English
Eaten out of house and home,English
All things come to he who waits,English
Daarâ€™s â€˜n geurtjie aan.,Afrikaans
Spelling-bee,English
Truth is stranger than fiction,English
"Once more unto the breach, dear friends, once more",English
Beef and reef,English
Carbon footprint,English
Tell it to the marines,English
Come what come may,English
Carry coals to Newcastle,English
Hy is gecollar en getie.,Afrikaans
Identity theft,English
Keep your powder dry,English
Praat is goedkoop omdat die aanbod die aanvraag vÃ©r oorskry.,Afrikaans
Ill wind,English
So sue me,English
Make haste,English
Eerlijkheid duurt het langst.,Nederlands
Veg out,English
Pieter se nuwe meisie is â€˜n mooi melkkoffie.,Afrikaans
Blind leading the blind - The,English
Dicky-bird - Not a,English
Sound out,English
"Om te dink is maklik; om te doen is moeilik; Om te doen soos â€˜n mens dink, is die moeilikste van alles.",Afrikaans
Scot free,English
Katy bar the door,English
As pure as the driven snow,English
My cup runneth over,English
The mutt's nuts,English
Stump up,English
It came like a bolt from the blue,English
Burning the midnight oil,English
Kerm soos â€˜n kat oor â€˜n derm.,Afrikaans
"Jy kan nie die armes ryk maak, deur die rykes te verarm nie.",Afrikaans
The writing is on the wall,English
Geld in die water gooi.,Afrikaans
Dit is met geen goud te betaal nie.,Afrikaans
As black as Newgate's knocker,English
Richard of York gave battle in vain,English
Worth one's salt,English
Damp squib,English
Geen mens het nog ooit in sy slaap ryk geword nie.,Afrikaans
Morbid obesity,English
By your leave,English
Queer the pitch,English
Alter ego,English
Nip and tuck,English
A good man is hard to find,English
Happy slapping,English
Foot of our stairs - The,English
All publicity is good publicity,English
Blow your own trumpet,English
"Om elke dag te lewe asof dit jou laaste is â€“ nooit oorhaastig nie, nooit ongevoelig nie, nooit met aansit nie â€“ dit is die perfekte karakter.",Afrikaans
One stop shop,English
Dollars to donuts,English
Primrose path,English
Jy is nou by die verkeerde adres.,Afrikaans
When pigs fly,English
Arms akimbo,English
Gee die duiwel wat hom toekom - hy slyp al lank genoeg aan sy steen.,Afrikaans
Minced oaths,English
Squeaky bum time,English
"O Romeo, Romeo! wherefore art thou Romeo?",English
Laughing-stock,English
Tawdry,English
Lock stock and barrel,English
Heavens to Murgatroyd,English
Old hat,English
Christmas card verses,English
Left hand doesn't know what the right hand is doing,English
Geen spiesen maacht so diepe wonden als achterklap en boose monden.,Afrikaans
Cop an attitude,English
Bottle out,English
Lark about,English
Rose is a rose is a rose,English
"Behandel jou meerdere met beleefdheid omdat dit jou plig is, jou gelyke omdat dit jou plesier is, jou mindere omdat dit jou voorreg is. Die voorreg is aangenamer as die plesier en die plesier is soeter as die plig.",Afrikaans
â€˜n Mens moet nooit lag as â€˜n dief op â€˜n fiets deur â€˜n trein getrap word nie. Dit kan moontlik jou fiets wees.,Afrikaans
Scott (Sir Walter - phrases coined by),English
Make a bee-line for,English
What's up Doc?,English
That's all folks!,English
If I had my druthers,English
Pester power,English
Across the board,English
The whole kit and caboodle,English
Lardy-dardy,English
The pen is mightier than the sword,English
Die duiwel se briewe lees.,Afrikaans
By the skin of your teeth,English
"Sou daar â€˜n weersien wees, of is ons verdoem tot verpulwerde deeltjies van eens warm vlees.",Afrikaans
So maklik soos brood en botter.,Afrikaans
Between the Devil and the deep blue sea,English
The pot calling the kettle black,English
Bobbejaanstuipe kry.,Afrikaans
Heart's content,English
"Agter die kruis, staan altyd die duiwel.",Afrikaans
Not my cup of tea,English
Double cross,English
Shiver my timbers,English
Ups-a-daisy,English
Englishman's home is his castle,English
â€˜n Gat in die dag slaap.,Afrikaans
Woe betide you,English
Can't hold a candle to,English
To big for your breeches,English
Hangskouers soos â€˜n kasteroliebottel.,Afrikaans
Learn the ropes,English
"Overpaid, oversexed, and over here",English
Knick-knack,English
Die kar draai sommer hier rÃ»ens in die pad.  [â€˜n SÃªding in Riversdal.],Afrikaans
Cock-a-hoop,English
Cherchez la femme,English
Talk to the hand,English
In the doldrums,English
Cordon bleu,English
"Don't call us, we'll call you",English
Ek voel bietjie kop-onder-die-vlerk.,Afrikaans
"Frailty, thy name is woman",English
La-la land,English
"Die beste manier om â€˜n argument te wen, is om daaruit te bly.",Afrikaans
Over the moon,English
You are what you eat,English
Geef hem een vinger en hij neemt de hele hand.,Nederlands
Vanaand braai ons weer â€˜n slag skaalvleis!,Afrikaans
Truth will out,English
Badger to death,English
Rhyming slang,English
Tinker's dam,English
Alle begin is moeilijk.,Nederlands
A diamond is forever,English
â€œHelp vir Henna en troos vir Koos.â€,Afrikaans
The upper hand,English
Beat around the bush,English
Knock back,English
"Eeny, meeny, miny, mo",English
As keen as mustard,English
Fall off the back of a lorry,English
Kangaroo court,English
Stool pigeon,English
Miss is as good as a mile,English
Bee-line - make a bee-line for,English
Gregory Peck,English
Daar is â€˜n definitiewe korrelasie tussen leesvermoÃ« en leervermoÃ«.,Afrikaans
Golden key can open any door - A,English
Like billy-o,English
Dis makliker om weg te bly van die aas af as om los te kom van die hoek.,Afrikaans
Oefening baart kunst.,Nederlands
Upset the apple-cart,English
Die mens met min woorde se solder is so klein dat daar nie plek vir kaf is nie.,Afrikaans
"â€˜n Man kan nog per ongeluk op jou tone trap, maar as hy op jou kop trap, is dit moedswillig.",Afrikaans
To the nth degree,English
Bode well,English
Hy probeer hoÃ«r vlieg as wat sy vlerke lank is.,Afrikaans
Jors se opsykind is al pramhoog.  [pramhoog â€“ hoe vrouens in Namakwaland hoogte aandui],Afrikaans
Binge drinking,English
Cat may look at a king - A,English
Fools rush in where angels fear to tread,English
Bill Stickers is innocent,English
In a cleft stick,English
Hie vlie woerts om die hoekie.,Afrikaans
Sy vertel hom waar die bus stop.,Afrikaans
Die gefluisterde woord trek verder as die harde geskreeu.,Afrikaans
Square meal,English
"Goody, goody gumdrops",English
Dance attendance on,English
Chock-a-block,English
In a quandary,English
Powers that be - The,English
Suspension of disbelief,English
I'm stumped,English
On Carey Street,English
Dit kom nog uit Noag se ark saam met Metusalem.,Afrikaans
"Though this be madness, yet there is method in it",English
It never rains but it pours,English
Back the field,English
Moet nooit â€˜n apologie met â€˜n verskoning bederf nie.,Afrikaans
One's heart's content,English
Go berserk,English
Die luiaard is die enigste man wat van sy slaap moet rekenskap gee.,Afrikaans
Brush - As daft as a,English
Hy is dopsak.,Afrikaans
Liefde maakt blind.,Nederlands
Third degree - The,English
Tit for tat,English
Toast of the town,English
"Begeer nie om â€˜n man van belang te wees nie, maar â€˜n man van waarde.",Afrikaans
What are you like?,English
Hell in a handbasket,English
Trouble and strife,English
"Behandel die vreemdeling goed, maar wees versigtig om hom die kans te gee om jou te behandel.",Afrikaans
Jump the gun,English
"Toe maar, mÃ´re bak ma koekies.",Afrikaans
â€˜n Totale balls-up van iets maak.,Afrikaans
"Om vas te staan wanneer jy iets weet en toe te gee dat jy soms iets nie weet nie, dit is KENNIS.",Afrikaans
Well heeled,English
Compassion fatigue,English
Maak die pas van die natuur jou eie â€“ haar geheim is geduld en volharding.,Afrikaans
Gou op sy agterpote wees.,Afrikaans
Hy het â€˜n hallelujagesig en jazzvoete.,Afrikaans
Horse and cart,English
Hou jou oÃ« goed oop voor die huwelik en half-toe daarna.,Afrikaans
Teenspoed ontlont talente wat in voorspoed dormant sou bly.,Afrikaans
King James' Version of the Bible,English
Comparisons are odious,English
Short shrift,English
Blow your mind,English
Full tilt,English
"Die belangrikste eienskap wat â€˜n jong meisie moet openbaar, is blymoedigheid in haar lewensuitkyk.",Afrikaans
Stand up guy,English
Fuzzy wuzzy,English
I have not slept one wink,English
Moenie jou pÃªrels voor die swyne werp nie.,Afrikaans
Die verhouding tussen Hoofman en Werknemeres is soos diÃ© tussen die wind en die gras. Die gras moet buig as die wind daaroor waai.,Afrikaans
Sy doopseel lig.,Afrikaans
Mouth-watering,English
"Friends, Romans, Countrymen, lend me your ears",English
My husband and I,English
Bowled a maiden over,English
Hy doen dermwerk.,Afrikaans
Big wig,English
An Oxford scholar,English
Beetle-browed,English
God rot them,English
Geduld is een schone zaak.,Nederlands
Piece of cake - A,English
Ear candy,English
Odds bodkins,English
Spare the rod and spoil the child,English
Thus far into the bowels of the land,English
Shot across the bows,English
Flat out,English
Platsak wees.,Afrikaans
The last straw,English
Stony-hearted,English
Word for word,English
Jors het al weer gestook.,Afrikaans
Smart casual,English
"Moenie fout vind nie, vind â€˜n oplossing.",Afrikaans
Action man,English
Bee's knees - The,English
(The pen is) mightier than the sword,English
Graveyard shift,English
Bane of your life,English
Bird in the hand is worth two in the bush - A,English
Salad days,English
The seven-year itch,English
Daniel come to judgement,English
Son of a gun,English
The moving finger writes,English
My mind's eye,English
The ends of the earth,English
Tower of strength,English
Jy kan vir Jan Raap en Skraap eet ou.,Afrikaans
Pure as the driven snow,English
Sy ly aan bek-en-klouseer.,Afrikaans
Never knowingly undersold,English
Butter side down,English
Everybody out,English
Shit for brains,English
Jy sal verbaas wees hoeveel van jou geheime sondes jou bure weet. Hoekom sal hulle met jou daaroor praat? Hulle reken jy weet dit immers self.,Afrikaans
Give up the ghost,English
There is no alternative,English
All fingers and thumbs,English
Pigeon-chested,English
Dog is a man's best friend,English
"We few, we happy few, we band of brothers",English
Devil Incarnate - The,English
Met â€˜n aalwynpil in jou kies loop.,Afrikaans
Good measure - For,English
Iemand afkam.,Afrikaans
Booze cruise,English
On your tod,English
Mud - your name is,English
Hulle breek nie brandhout van dieselfde tak nie.,Afrikaans
Jam tomorrow,English
One over the eight,English
The - unkindest cut of all,English
Ginger up,English
Panic stations,English
Jack Robinson - Before you can say,English
Gou met die pen.,Afrikaans
Jy steek jou kop in 'n bynes.,Afrikaans
Hunky-dory,English
Load of cobblers,English
Piet Pompies van Soetmelksvlei is nie van hier nie.,Afrikaans
Die baas knor weer vanmÃ´re soos â€˜n muishond met â€˜n seer bal.,Afrikaans
"Geld wat sleg is, maak krom wat reg is.",Afrikaans
Derring-do,English
Armoede leer â€˜n maer hond bene kou.,Afrikaans
"If wishes were horses, beggars would ride",English
Die parlement is moerland toe.,Afrikaans
Make him an offer he can't refuse,English
A piece of the action,English
The dark side,English
Maer bokke dip.,Afrikaans
Turn up trumps,English
Go like the clappers,English
Ne'er do well,English
Keep the ball rolling,English
Homonyms,English
Hands down,English
Good in parts,English
Jou brandewyn bloots drink.,Afrikaans
Zien is geloven.,Nederlands
Cat got your tongue?,English
Get thee behind me Satan,English
Wouldn't touch with a barge-pole,English
Last but not least,English
Sexton Blake,English
Go to the dogs,English
Gert Erf is Gert Swerf.,Afrikaans
Blown to smithereens,English
Has the cat got your tongue?,English
Met broek en baadjie .,Afrikaans
Fly off the handle,English
Up shit creek without a paddle,English
God is dead,English
Doesn't know shit from Shinola,English
Turn of phrase,English
A dog is a man's best friend,English
As queer as a nine bob note,English
A norange,English
A tinker's damn,English
Happy as Larry,English
A hard man is good to find,English
Storm in a teacup,English
Life's not all beer and skittles,English
A woman's place is in the home,English
Shilly-shally,English
Daar is geen sukkel by kuns nie en geen kuns by sukkel nie.,Afrikaans
The cut of your jib,English
Gee whiz,English
Jy kan nie uitdeel wat jy nie het nie.,Afrikaans
"Some are born great, some achieve greatness, and some have greatness thrust upon 'em",English
Vis-a-vis,English
"Eye of newt and toe of frog, wool of bat and tongue of dog",English
Hard man is good to find - A,English
Crapper - The,English
Je moet de huid niet verkopen voordat de beer geschoten is.,Nederlands
Draw a blank,English
Hobby-horse,English
"Klein diewe het ysterkettings, groot diewe goue kettings.",Afrikaans
"Sy is so klein, sy verdwaal in â€˜n telefoonhokkie.",Afrikaans
Run out of steam,English
Hoity-toity,English
Special relationship,English
Game is afoot - The,English
Clue - don't have a,English
Nou gaan die poppe dans.,Afrikaans
Iron hoof,English
Paying guest - A,English
Lo and behold,English
Cock and bull story,English
De stoute schoenen aantrekken.,Nederlands
Giddy aunt,English
Elke gek het sy gebrek.,Afrikaans
Brandewyn raas as dit uit die vat uit kom.,Afrikaans
Die lewe is nie net swart en wit nie.,Afrikaans
A friend in need is a friend indeed,English
Quid pro quo,English
Kettle of fish,English
Toe-curling,English
A load of codswallop,English
Dog's breakfast,English
Alte goed is buurmansgek.,Afrikaans
Donkie vasmaak.,Afrikaans
Je moet geen slapende honden wakker maken.,Nederlands
Cute as a bug's ear,English
Put a damper on,English
Hy is nie so groen dat â€˜n koei hom sal vreet nie.,Afrikaans
Hy is â€˜n geldwolf.,Afrikaans
Climb on the bandwagon,English
For keeps,English
Handle with kid gloves,English
Call of the wild - The,English
Hy is al sy alies kwyt.,Afrikaans
All the tea in China - Not for,English
Go by the book,English
My cup of tea,English
Wraak maak jou gelyk met jou vyand. Vergifnis plaas jou hoÃ«r as hy.,Afrikaans
(In a) pig's eye,English
Trou die dogter van â€˜n goeie ma.,Afrikaans
As XXX as YYY,English
Trick or treat,English
A knight in shining armour,English
Dit is net â€˜n brekfis.,Afrikaans
Hy slaan die bottel hard.,Afrikaans
Hy dink hy kan biltong saamneem.,Afrikaans
Cat's Cradle,English
To a T,English
Box and Cox,English
Heavy metal,English
Charm offensive,English
Belt and braces,English
Hy is â€˜n regte cheapskate.,Afrikaans
Om jou op die haaivlakte te bevind.,Afrikaans
â€œByt jy weer borrels.â€  â€“ ingestuur deur LÃ¶dveteig Nan,Afrikaans
Busy as a bee,English
Kiss and tell,English
Arm candy - see ear candy,English
Rumpy-pumpy,English
Butter wouldn't melt in his mouth,English
"Dit verg meer moed om te ly, as om te sterf.",Afrikaans
Bolt from the blue,English
"Something old, something new, something borrowed, something blue",English
Up the pole,English
He will give the Devil his due,English
Visit the ladies' room,English
I'll have your guts for garters,English
Blow a raspberry - see raspberry tart,English
On the QT,English
"â€˜n Man se geld kan opraak, solank jou planne nie opraak nie.",Afrikaans
Veel geskreeu en weinig wol.,Afrikaans
Soms is die lewe soos n kakkerlak â€¦ meer k@k as luck!,Afrikaans
Fall on your sword,English
Met iets te koop loop.,Afrikaans
Steal my thunder,English
As fit as a butcher's dog,English
Roasted to a turn,English
Rosie Lea,English
Senior burgers: Vraag: â€œWat maak julle heeldag?â€ Antwoord: â€œOns soek ons goed en probeer onthou wat ons vergeet het!!!!â€,Afrikaans
Take umbrage,English
Many happy returns,English
History is bunk,English
"As jy nie uit jou foute leer nie, is daar geen sin om hulle te maak nie.",Afrikaans
Flotsam and jetsam,English
Bun in the oven,English
On queer street,English
Okey-dokey,English
McCoy - The real,English
Bacon - Bring home the,English
Dirt bag,English
Like a chicken with its head cut off,English
Forewarned is forearmed,English
You can't teach an old dog new tricks,English
A hiding to nothing - On,English
Walk free,English
Hy is op die afdraand met sy briek los.,Afrikaans
Ring-fencing,English
Wear your heart on your sleeve,English
Jack the lad,English
Egg on,English
Helter-skelter,English
About face,English
Thou shalt not kill,English
You can't get blood out of a stone,English
French phrases,English
Accidentally on purpose,English
The jury is still out,English
Piece of piss,English
Tanstaafl - (there's no such thing as a free lunch),English
Trip the light fantastic,English
Ship shape and Bristol fashion,English
To all intents and purposes,English
Hy besit geen duit nie.,Afrikaans
Old chestnut,English
"â€œDis jy wat met haar getjoing-tjoing het en nie ek nie.â€ â€“ Mikro, Gonnakolk",Afrikaans
Hell or high water,English
Jy hou jou latjiesbeen by â€˜n meisie.,Afrikaans
"O ye, of little faith",English
Sound bite,English
Sent to Coventry,English
One for the road,English
Red sky at night ...,English
Dark horse,English
Blaze a trail,English
Eat drink and be merry,English
Foam at the mouth,English
Dark side - The,English
By and large,English
Play the race card,English
Ace in the hole,English
Swing for you,English
"Zoals de waard is, vertrouwt hij zijn gasten.",Nederlands
Eat humble pie,English
It ain't over till the fat lady sings,English
Filthy rich,English
Happy clappy,English
Ends of the earth - The,English
Vir â€˜n man horings opsit.,Afrikaans
Genade het nie â€˜n horing nie. [Dalk beter bekend as â€œGenade het nie horings nieâ€. ğŸ™‚ ],Afrikaans
Take the gilt off the gingerbread,English
Bean counter,English
According to Hoyle,English
Heard it through the grapevine,English
Elementary my dear Watson,English
Te laat vir sy eie begrafnis wees.,Afrikaans
On the button,English
"Die by wat die lekker heuning maak, steek seer.",Afrikaans
Een ongeluk komt zelden alleen.,Nederlands
Wag tot Letjie kom.,Afrikaans
Good as gold,English
Run amok,English
Screw your courage to the sticking place,English
â€˜n Stuiwer in die armbeurs gooi.,Afrikaans
Neither a borrower nor a lender be,English
High horse - get off your,English
Met spaarsaamheid sal jy uit die kleinste inkomste iets oorhou. Met verkwisting sal die grootste vir jou te min wees.,Afrikaans
Bugger Bognor!,English
Nation of shopkeepers - A,English
Hot off the press,English
Ons moet die kwaadpraat met goedpraat doodpraat.,Afrikaans
"â€˜n Mens het nog nie gemoedskalmte, voordat jy nie kan niksdoen, lekkerdoen nie!",Afrikaans
Yellow Peril,English
Worse for wear,English
â€™n Gedurige gedrup maak â€™n gat in â€™n klip.,Afrikaans
(Take with a) grain of salt,English
A man who is his own lawyer has a fool for a client,English
Play fast and loose,English
Off his own bat,English
Die moeilikste besluite in die lewe is om te besluit watter brÃ»e om oor te steek en watter om te verbrand.,Afrikaans
Caught red-handed,English
Dit is net die oortjies van die seekoei wat ons van weet.,Afrikaans
"Wie zaait, zal oogsten.",Nederlands
Before you can say Jack Robinson,English
â€˜n Bank is â€˜n plek waar hulle vir jou â€˜n sambreel gee wanner dit mooiweer is en dit terugvra as dit begin reÃ«n.,Afrikaans
Get off on the wrong foot,English
A skeleton in the closet,English
Hy staan of hy geld in die bank het.,Afrikaans
Break the ice,English
In die sand byt.,Afrikaans
Driving while black,English
Maâ€™s en huisvroue is die enigste werkers wat nie gereelde vrye tye kry nie. Hulle is die groot vakansielose klas.,Afrikaans
Kilroy was here,English
Die boer se voetspore is die beste misstof op die land.,Afrikaans
Start from scratch,English
Mal de mer,English
On the pig's back,English
Al fresco,English
Bubble and squeak,English
Clean breast - make a,English
The collywobbles,English
Raining stair-rods,English
Flash in the pan,English
Wat is jy? â€˜n Besitter van of â€˜n besitting van jou bates.,Afrikaans
Lamb to the slaughter,English
Sorry sight,English
Local derby,English
Play ducks and drakes,English
Absence makes the heart grow fonder,English
Little bird told me - A,English
Accidents will happen,English
All at sea,English
Something for the weekend sir?,English
Fruits of your loins,English
Beter laat dan nooit.,Nederlands
"Romeo, Romeo, wherefore art thou Romeo?",English
Nine days' wonder,English
Apie kyk vir kerriekos!,Afrikaans
Rock and roll,English
Land of nod - The,English
Daai Jors kan vir jou lank ploeg!,Afrikaans
Sandwich short of a picnic,English
Dis â€˜n goeie boeregewoonte: â€˜n Mens kom nooit met leÃ« hande by iemand aan nieâ€¦en jy stuur hom ook nie met leÃ« hande weg nie!,Afrikaans
Half-hearted,English
They couldn't hit an elephant at this distance,English
The third degree,English
Je moet de vieze was niet buiten hangen.,Nederlands
Die plaas is nie â€˜n koei wat in die hemel kos kry en op aard gemelk kan word nie.,Afrikaans
Fly in the ointment,English
Richard the Third,English
At one fell swoop,English
Four corners of the earth,English
"Hung, drawn and quartered",English
Whole nine yards - The,English
Soap-dodger,English
Brand spanking new,English
Sy hou van haar stembande om my ore rek.,Afrikaans
Rank and file,English
Watch the birdie,English
To beggar belief,English
Tilting at windmills,English
As happy as...,English
Nothing is certain but death and taxes,English
Shuffle off this mortal coil,English
Ginger,English
Jors is goed geolie.,Afrikaans
Keep it under your hat,English
"Sy is so vet, as sy by die trein uitklim kan almal asem haal.",Afrikaans
Billy no mates,English
Knock off,English
Wax poetic,English
Pretty kettle of fish,English
"Wie a zegt, moet ook b zeggen.",Nederlands
Play silly buggers,English
Load of codswallop,English
Win one for the Gipper,English
Spill the beans,English
Blue blood,English
Course of true love never did run smooth - The,English
The call of the wild,English
Gung ho,English
"There but for the grace of God, go I",English
Cart before the horse - Put the,English
High five,English
Mense is meer begaan oor wat hulle weet as om te ontdek wat hulle nog nie weet nie!!,Afrikaans
"Selfs in die slegste vorm van werk, raak die mens se hele siel in harmonie did oomblik dat dit begin werk.",Afrikaans
You get on my wick,English
Bums on seats,English
"Between you, me and the bed-post",English
Easy as pie,English
"Zo gewonnen, zo geronnen.",Nederlands
Fancy free,English
Carte blanche,English
Beauty is in the eye of the beholder,English
Jot or tittle,English
By the book,English
Knee-jerk reaction,English
Wolf in sheep's clothing,English
"â€˜n Swak tou, moet liggies getrek word.",Afrikaans
Die goudpot aan die einde van die reÃ«nboog.,Afrikaans
Cold feet,English
Long in the tooth,English
Getik wees.,Afrikaans
In a pickle,English
Act of God,English
Geld wat stom is maak reg wat krom is.,Afrikaans
Ne'er cast a clout till May be out,English
Beat the living daylights out of someone,English
Hiding to nothing - On a,English
Toe Jors sy eks sien by die kroegtoonbank spring hy knipmes-om.,Afrikaans
The whole shebang,English
"Hanged, drawn and quartered",English
Peg out,English
Don't look a gift horse in the mouth,English
"Iets wat bietjie goed is, is nie goed genoeg nie. Matigheid in humeur is altyd â€˜n deug, maar matigheid in beginsel, is altyd â€˜n ondeug.",Afrikaans
Music has charms to soothe the savage breast,English
Fight the good fight,English
Eat my hat,English
Vir geen geld ter wÃªreld nie.,Afrikaans
"Wie de schoen past, trekke hem aan.",Nederlands
Praying at the porcelain altar,English
Famous for fifteen minutes,English
Die Stormers moet nou opstaan uit daai lamrugby-groef waarin hulle verval het.,Afrikaans
Dead as a doornail,English
The bread of life,English
Last straw - The,English
So eet dat â€˜n kat nie met jou maag kan wegloop nie.,Afrikaans
Lame duck,English
Grist to the mill,English
Beware of Greeks bearing gifts,English
"Dit is maklik gesÃª, maar die eend lÃª die eier.",Afrikaans
Man's inhumanity to man,English
"Bell, book and candle",English
By the short hairs,English
A rolling stone gathers no moss,English
Wild and woolly,English
Tijd vliegt.,Nederlands
As alike as two peas in a pod,English
Sy is â€˜n diamant in my kroon.,Afrikaans
"Toe ek begin werk het, wou ek â€˜n groot klomp geld gou maak. Later wou ekâ€™n groot klomp geld maak terwyl ek dit geniet, maar later sien ek wat jy werklik wil hÃª, is om â€˜n klein verskil te maak. As jy dit kan doen, kom ander dinge vanself en kan jy dit terdeÃ« geniet.",Afrikaans
Cold turkey,English
Whipping boy,English
"As jy jonk wil bly, bly bruikbaar.",Afrikaans
Shambles,English
"Kritiek is iets wat jy kan vryspring deur NIKS te sÃª nie, NIKS te doen nie en NIKS te wees nie.",Afrikaans
On with the motley,English
Fifteen minutes of fame,English
Devil and the deep blue sea,English
Dit sal my laat ystervarke vang.,Afrikaans
Hy is â€˜n gladde kÃªrel.,Afrikaans
Sy kan die agterbeen van â€˜n donkie afpraat.,Afrikaans
Blood is thicker than water,English
All that glitters is not gold / All that glisters is not gold,English
"Waar een wil is, is een weg.",Nederlands
Skin and blister,English
"HÃª jou vyande lief, want jy het hulle gemaak.",Afrikaans
A red rag to a bull,English
"Hark, hark! the lark at heaven's gate sings",English
"Die lewe sonder HUMOR, is soos â€˜n kar sonder vere. Dit kan die stampe van die lewenspad nie absorbeer nie.",Afrikaans
Hugger-mugger,English
Hy maak of hy geld in die bank het.,Afrikaans
Canteen culture,English
Daar is maar Ã©Ã©n rede waarom â€˜n mens onder â€˜n vreemde nasie inkruip. Die voordeel van die parasiet OF die nadeel van die renegaat.,Afrikaans
The smallest room in the house,English
"Jy kan nie met skoon hande modder gooi nie, nog minder met â€˜n rein mond gif spoeg.",Afrikaans
Sy doen die canyon tango.,Afrikaans
Plague on both your houses - A,English
Dassie het â€˜n stert gekry.,Afrikaans
Carey Street - On,English
Onder iemand se duiwe skiet.,Afrikaans
Fed up,English
Seven-year itch,English
Spin doctor,English
"Blood, sweat and tears",English
Religion is the opium of the people,English
Dead cat bounce,English
Not worth a plugged nickel,English
Die boog kan nie altyd gespan wees nie.,Afrikaans
Beam ends - On your,English
Go haywire,English
Up a blind alley,English
Pyrric victory,English
Proverbs - A list of,English
Picture-perfect,English
"Pas op vir die man wat sy oÃ« half toe hou. Dis nie dat hy nie wil uitkyk nie, dis om te keer dat jy inkyk.",Afrikaans
Point to point,English
A sledgehammer to crack a nut,English
In trouble,English
Tongue in cheek,English
In limbo,English
Je bent nooit te oud om te leren,Nederlands
A nation of shopkeepers,English
Mondegreens,English
The customer is always right,English
Eigen haard is goud waard.,Nederlands
Chow down,English
For every thing there is a season,English
"Verbosity leads to unclear, inarticulate things",English
One fell swoop - At,English
Ring down the curtain,English
Gussied-up,English
Knock on wood,English
Grandfather clock,English
Don't try to teach your Grandma to suck eggs,English
Vir kwaadgeld rondloop.,Afrikaans
Hy is in hart en niere â€˜n Bok-ondersteuner.,Afrikaans
Put your nose out of joint,English
"â€œHy tweng-tweng en pang-pang aan die snare.â€ â€“ Boerneef, Boplaas",Afrikaans
Moenie oor my treur nie â€“ wees bly dat ek eens hier was.,Afrikaans
In the twinkling of an eye,English
The Devil to pay,English
Beggar belief,English
Woe is me,English
The road less travelled,English
Fall guy,English
Faint-hearted,English
In the catbird seat,English
Moenie jou kinders onskuldige plesier belet nie. Hulle sal dit steel en dan is jy nie daarby om te sien dat hulle nie die skuldige by steel nie.,Afrikaans
"As jy aas roer, stink dit.",Afrikaans
Rome is nie in een dag gebou nie so gaan jou gang rustig - hoe meer haas hoe minder spoed.,Afrikaans
"Geld is kleurblind, maar terselfdertyd uiters sensitief vir politike uitsprake.",Afrikaans
By the board,English
"Een rede waarom â€˜n hond â€˜n goeie trooster kan wees as jy verslae voel, is dat hy nie vrae vra nie.",Afrikaans
Hold your horses,English
Needs must,English
Hoi polloi,English
Wotcher,English
Raining cats and dogs,English
Surf and turf,English
Put the cart before the horse,English
On your beam ends,English
Quicker than lager turns to piss,English
Two cents worth,English
"Sukses, is die kuns om hooi te maak van die gras wat ander mense onder hul voete vertrap.",Afrikaans
Jury is still out,English
Chalk and cheese,English
Off the record,English
Half-cocked,English
Point-blank,English
Beat swords into ploughshares,English
Gridlock,English
Lose face,English
A fool and his money are soon parted,English
Double whammy,English
Enige verandering aan daardie gesig is â€˜n verbetering.  [bydrae: Herman Janse van Rensburg],Afrikaans
Hit the nail on the head,English
Staan of hy geld in die bank het.,Afrikaans
The chickens come home to roost,English
Doff your hat,English
Die geel baadjie aan hÃª.,Afrikaans
Charley horse,English
"Naas die wete wanneer om â€˜n geleentheid aan te gryp, is die belangrikste ding in die lewe om te weet wanneer om â€˜n geleentheid te laat verbygaan.",Afrikaans
A drop in the bucket,English
Happy as a sandboy,English
A foregone conclusion,English
Lickety-split,English
The real McCoy,English
Jy moet onder sy arm gaan ruik.,Afrikaans
Thumbs up,English
Dead as a dodo,English
Jors is hier weg met die aanslag van die dag.,Afrikaans
Jump on the bandwagon,English
A countenance more in sorrow than in anger,English
Even at the turning of the tide,English
Geld wat sleg is maak krom wat reg is.,Afrikaans
"â€œDie koringkorrels sjor op die dorsvloer neer.â€ â€“ Boerneef, Boplaas",Afrikaans
Card-sharp,English
Inside out,English
"Be still, my beating heart",English
We have seen better days,English
Set one's cap at,English
High-flyer,English
Milk of human kindness,English
Friend in need is a friend indeed - A,English
The life of Riley,English
Basket case,English
Belle of the ball,English
Hy kedoem sy kitaar so nou en dan.,Afrikaans
Back to the drawing board,English
Taken aback,English
"Vra my broer Jack, hy lieg nes ek!",Afrikaans
See red,English
Niemand is so dom soos die een wat nie wil leer nie en niemand is so lui soos die een wat nie wil dink nie.,Afrikaans
Take with a grain of salt,English
Make my day,English
Bone dry,English
There is more than one way to kill a cat,English
Fool and his money are soon parted - A,English
Go postal,English
Legend in one's own lifetime,English
Bokwagter word.,Afrikaans
"As is en was, nou nie daar was of was het is gebly en daar was nooit â€˜n by wat was, dan was was mos is gewees.",Afrikaans
Play it again Sam,English
Spin jy jou driewiel .,Afrikaans
The fat of the land,English
Urban myth,English
You'll wonder where the yellow went when you brush your teeth with Pepsodent,English
Level playing field,English
It's better to light a candle than curse the darkness,English
Hy het â€˜n aap op sy rug.,Afrikaans
Word association football,English
Grond vreet.,Afrikaans
"Moenie die beer se vel verkoop, voordat hy geskiet is nie.",Afrikaans
Rack your brains,English
Titfer,English
I'll go to the foot of our stairs,English
Walter Scott (phrases coined by),English
Jobs for the boys,English
Bell the cat,English
Smallest room in the house - The,English
Stranger than fiction - Truth is,English
Stiffen the sinews,English
Nice kettle of fish,English
A place for everything and everything in its place,English
Fiddling while Rome burns,English
Boss eyed,English
Aan alles komt een eind.,Nederlands
Saved by the bell,English
Grasp the nettle,English
The darkest hour is just before the dawn,English
Ask a silly question and you'll get a silly answer,English
"Sy het so â€˜n broeishennetjie-manier van aanlÃª by die seuns, draai al om hulle.",Afrikaans
Hy is so haastig dat hy sy brood koud blaas en sy koffie kou. â€˜n Slegte dag het hy beskryf: â€œDit was 1ste graad van laaste graad. â€˜n Goeie dag was laaste graad van 1ste graad.,Afrikaans
"Neither fish nor flesh, nor good red herring",English
Go whole hog,English
On tenterhooks,English
â€˜n Man van twaalf ambagte en dertien ongelukke.,Afrikaans
Bread of life - The,English
Got my mojo working,English
Dit afklink.,Afrikaans
Sir Walter Scott (phrases coined by),English
High and dry,English
La dolce vita,English
Hot-blooded,English
Famous last words (the ironic phrase),English
Air quotes,English
Cloud nine,English
The belle of the ball,English
Look before you leap,English
Dit ruik na geld.,Afrikaans
Haven't got a clue,English
Better late than never,English
Ek sal jou slaan dat jy jou ouma vir â€™n eendvoÃ«l aansien.,Afrikaans
Purple patch,English
Pig's back - on the,English
(On a) wing and a prayer,English
Gry - Words ending in,English
Fit as a fiddle,English
Chickens come home to roost,English
Baby boomer,English
Mickey Finn,English
Fits to a tee,English
Beyond the pale,English
"As die muis dik is, is die kaas bitter.",Afrikaans
Wat is die belangrikste â€“ geluk of sukses?,Afrikaans
Bed of roses,English
Proof of the pudding is in the eating - The,English
Baby blues,English
Bad hair day,English
Skeleton in the closet,English
By die duiwel gaan bieg.,Afrikaans
Die meisies by Tukkies is gek oor mieliestamp.,Afrikaans
On the wagon,English
"Wat regtig saak maak, is wat jy leer terwyl jy reeds alles weet.",Afrikaans
Safe pair of hands - A,English
Whole-hearted,English
Mutt's nuts - The,English
The tail wagging the dog,English
Go to pot,English
Koerland se vleiseter is 'n lui kalant en so uitgeslape soos my prokureur nie kan droom om te wees.,Afrikaans
Survival of the fittest,English
(The) order of the boot,English
Die Jors is â€˜n regte agterdeursuiper.,Afrikaans
Hanky-panky,English
"(An) eye for an eye, a tooth for a tooth",English
Customer is always right - The,English
"Wonder waar was Jors en sy meisie gisteraand, sy het al weer kruipknietjies.",Afrikaans
Give a man a fish and you will feed him for a day,English
Cry havoc and let slip the dogs of war,English
"Die grootste taak in die lewe is nie om te sien wat doer vÃ©r in die toekoms lÃª nie, maar om te identifiseer wat duidelik voor ons lÃª en dit te verwerk.",Afrikaans
Good Samaritan,English
Norange - A,English
Namby-pamby,English
Die bottel goed aanspreek.,Afrikaans
Darkest hour is just before the dawn - The,English
What's not to like?,English
Beat a hasty retreat,English
Get - underway,English
Face the music,English
"Ars longa, vita brevis",English
"Makkelijker gezegd, dan gedaan.",Nederlands
Belt up,English
"Mense wat min weet, praat baie; mense wat baie weet, praat min.",Afrikaans
"As jy nie daarin slaag om te beplan nie, beplan jy om nie te slaag nie.",Afrikaans
Absolute power corrupts absolutely,English
Name is mud,English
Play by ear,English
For crying out loud,English
Stranger danger,English
Faith will move mountains,English
Loop soos â€˜n hen wat nes soek.,Afrikaans
Save one's bacon,English
Never the twain shall meet,English
Don't let the bastards grind you down,English
"Van werk word ek nooit, nooit moeg nie â€“ wat my gedaan maak, is die werk wat lÃª en wag.",Afrikaans
Tuckered out,English
Nautical phrases,English
Share and share alike,English
We know where you live,English
Gierigheid is die wortel van alle kwaad.,Afrikaans
A plague on both your houses,English
As different as chalk and cheese,English
Life in the 1500s - folk etymologies,English
Boxing Day,English
Game of two halves,English
Adam's ale,English
"Age cannot wither her, nor custom stale her infinite variety",English
Hy hou van ankers uitgooi by elke stopstraat.,Afrikaans
Ou bokke pluk die hoogste doringpeule.,Afrikaans
Genius is one percent inspiration and 99 percent perspiration,English
Het jy al jou bakkies geskottel?,Afrikaans
"Ek sien die veld, die Bosse, Berge, Vlakte. Ek hoor hoe fluister grasse, stroom en wind. O Heer, U sorg vir klein, vir groot, vir alles en U sorg dag na dag vir my, U kind.",Afrikaans
Dit weet die aap se stert.,Afrikaans
Preposterous,English
Op iemand se dak afklim.,Afrikaans
Die ouens sal moet losklos hardloop daar in Londen.,Afrikaans
I haven't got a clue,English
Don't die like I did,English
Hard cases make bad law,English
Salt of the earth - The,English
Dropping like flies,English
Economical with the truth,English
Chit-chat,English
Dock your pay,English
Rinky-dink,English
Exceedingly well read,English
Hy stuur ons van Pontius na Pilatus om te soek na 'n naald in die hooimied.,Afrikaans
Keep a wide berth,English
"â€˜n Land wat vir sy landbou sorg, sorg vir sy volhoubare toekoms.",Afrikaans
Shake a leg,English
On a wing and a prayer,English
Offing - In the,English
SÃª groete aan die vrate.,Afrikaans
Two peas in a pod,English
Tempest in a teapot,English
Luiaard gaan na die mier.,Afrikaans
"As petrol en vuur bymekaar kom, brand dit en as mis en donderweer bymekaar kom. reÃ«n dit.",Afrikaans
Vorsprung Durch Technik,English
Hand over fist,English
"Die perd wat die hawer verdien, kry dit nie altyd nie.",Afrikaans
A golden key can open any door,English
Elbow-grease,English
â€™n Warm hart steek die ander aan die brand.,Afrikaans
"â€˜n Boer wat ophou skoolgaan voordat hy doodgaan, moet liewer doodgaan voordat hy ophou skoolgaan.",Afrikaans
Dit is vir my Grieks en ek maak nie kop of stert daarvan uit nie.,Afrikaans
Ieder vogeltje zingt zoals het gebekt is.,Nederlands
Haar haan moet altyd koning kraai.,Afrikaans
As white as snow,English
Like two peas in a pod,English
The birds and the bees,English
Fair to middling,English
"Bullet - Bit the, Bite the",English
Chinless wonder,English
Many a little makes a mickle,English
(Coming in) on a wing and a prayer,English
Harp on,English
Touch and go,English
(The) pen is mightier than the sword,English
The Big Apple,English
Out of sorts,English
Hat trick,English
Pig's ear,English
Lead-pipe cinch,English
"Die lewe is soos â€˜n â€œniggerballâ€. Hy breek jou tande, maar jy hou aan suig.",Afrikaans
Bunny boiler,English
Common sense,English
Let the cat out of the bag,English
Elke mens is â€˜n dief in sy eie nering.,Afrikaans
Whole kit and caboodle - The,English
Sien jou in â€˜n dik ruk.,Afrikaans
Hy is gedwee soos â€˜n delwersdonkie.,Afrikaans
Daar is 2 soorte werksmense: Een werk vir sy loon â€“ die ander word beloon vir sy werk.,Afrikaans
Mad as a march hare,English
Je moet geen oude koeien uit de sloot halen.,Nederlands
Absent without leave,English
"Die reÃªlmaat van seisoene is ononderhandelbaar. Waar nou die dag nog niks was nie, rinkink die kleure en geur gratis en verniet. Die winterslaap was maar net die broeimasjien van die huidige kleur en geur.",Afrikaans
Hy is â€˜n wolf in skaapklere.,Afrikaans
Hy het al harde korsies gebyt.,Afrikaans
Shakespeare (phrases and sayings of),English
Head over heels,English
Down in the dumps,English
Beauty is only skin deep,English
Geduld is â€˜n stadige manier om jou moer te strip.,Afrikaans
Hy is â€˜n ongeslypte diamant.,Afrikaans
"As jou pad deur die kantvoorspelers versper word, gebruik jy die geweldbreek. â€“ Danie Craven",Afrikaans
One swallow doesn't make a summer,English
Daar is net â€˜n trekseltjie koffie oor in die pot.,Afrikaans
The proof of the pudding is in the eating,English
Erken as jy verkeerd is en bly stil as jy reg is.,Afrikaans
Brown as a berry,English
Far from the madding crowd,English
Misery acquaints a man with strange bedfellows,English
Dressed to the nines,English
Hy het die druiwekar gery.,Afrikaans
Horse feathers,English
Bezint eer gij begint.,Nederlands
(A) bigger bang for your buck,English
A little bird told me,English
Above board,English
Put on your thinking cap,English
"Die man met min woorde, se rekenaar is so kompak, dat daar nie plek is vir kaf nie.",Afrikaans
"Geen nieuws, goed nieuws.",Nederlands
What a piece of work is man,English
Revenge is a dish best served cold,English
Twee mossies vir â€˜n stuiwer.,Afrikaans
A dog is a man's best friend,English
The law is an ass,English
Hy is kiepkop.,Afrikaans
Pin money,English
Love is blind,English
Fine as frog's hair,English
The hair of the dog that bit you,English
Prick up your ears,English
Chinese whispers,English
What God has joined together let no man put asunder,English
Put up your dukes,English
Stille wateren hebben diepe gronden.,Nederlands
Middle of the road,English
Kick your heels,English
A no-brainer,English
As pleased as Punch,English
A sea change,English
Skaars uit die dop wees.,Afrikaans
Lie low,English
House divided against itself cannot stand - A,English
As cool as a cucumber,English
Farmers,English
Away with the fairies,English
"Houston, we have a problem",English
Hy kollekteer al weer by haar.,Afrikaans
So bang soos â€˜n bok vir â€˜n skoot hael.,Afrikaans
For the birds,English
The great - unwashed,English
Wick - you get on my,English
Whole shebang - The,English
Dash to pieces,English
Beast with two backs,English
Snug as a bug in a rug,English
Ek is Piet Verdriet op Moedverloor se vlakte vandag.,Afrikaans
A fate worse than death,English
"Hoe korter jy jou kuier maak, hoe gouer sal jy weer genooi word.",Afrikaans
Cock-up,English
Imitation is the sincerest form of flattery,English
A Daniel come to judgement,English
Turn up for the books,English
"Eind goed, al goed.",Nederlands
Devil take the hindmost - The,English
Godfrey Daniel,English
As cold as any stone,English
Die blerrie tweegesig blaf met die honde en huil met die wolwe.,Afrikaans
Coin a phrase,English
Sod's Law,English
Surfing the Net/surfing the Internet/surfing the Web,English
Blot on the landscape,English
Iets is beter as niks.,Afrikaans
Sex and shopping,English
Het regent pijpenstelen,Nederlands
Shebang - The whole,English
Born again,English
Tickle the ivories,English
Vegrissen is menselijk.,Nederlands
"Waar aas is, vergader die arende.",Afrikaans
Fish rot from the head down,English
Politically correct,English
Teenspoed is deel van die lewe.,Afrikaans
Like a moth to a flame,English
Honesty is the best policy,English
Many a true word is spoken in jest,English
Much of a muchness,English
Pull your horns in,English
My stars and garters,English
"Waar bloed nie kan kruip nie, loop dit.",Afrikaans
Een hoofd vol kreuken â€“ een geweten sonder rimpel.,Afrikaans
Hou jy van hospitaalkos?  [bydrae: Herman Janse van Rensburg],Afrikaans
Your money or your life,English
Push the envelope,English
Dit is peper duur.,Afrikaans
A miss is as good as a mile,English
Foot in the door - A,English
Put the wood in the hole,English
Jy kan van â€˜n padda nie vere pluk nie.,Afrikaans
Draai jou mantel na die wind.,Afrikaans
Silence is golden,English
Die botter het alleen geslaap.,Afrikaans
Close quarters,English
Dog's bollocks,English
Cock a snook,English
Strain at the leash,English
A rose by any other name would smell as sweet,English
No truck with,English
Gild the lily,English
Knock into a cocked hat,English
Smoke and mirrors,English
"Skat jou bekwaamheid te min om mee te spog en jou karakter te goed om mee te speel, dan sal jy jou selfrespek bewaar en die respek van jou medemens verseker. Daar is maar een soort wat hul deugde onderskat â€“ dis die werklik bekwames.",Afrikaans
Pleased as Punch,English
Rabbit and pork,English
Cut off without a penny,English
Fair and square,English
Where there's muck there's brass,English
Slush fund,English
Best laid schemes of mice and men - The,English
A rolling stone gathers no moss,English
"High, wide and handsome",English
"Jou karakter, soos die fondamente van â€˜n huis, is onder die oppervlakte.",Afrikaans
Knuckle down,English
It's that man again,English
Moenie al jou geld op een perd sit nie.,Afrikaans
Piss and vinegar - Full of,English
Go off half-cocked,English
Pull up stakes,English
"POSH - Port out, starboard home",English
Ek sal kan doen met â€˜n miljoen.,Afrikaans
Fuddy-duddy,English
Nth degree,English
Tall story,English
Harbinger of doom,English
Moenie al die aanbrandsel uit jou pot krap nie.,Afrikaans
Die rol van Ma-wees is moontlik die belangriste beroep wat enige vrou kan be-oefen.,Afrikaans
Another think coming,English
Brass monkey weather,English
Paper tiger,English
Put a spanner in the works,English
As mad as a March hare,English
Die gierige mens is altyd behoeftig.,Afrikaans
Pommy bashing,English
Bottom drawer,English
Hy is lekker vuurbek.,Afrikaans
The die has been cast,English
Bricks and clicks,English
The short end of the stick,English
Silly Billy,English
To big for your boots,English
Toffee-nosed,English
"Aan skuld betaal kom â€˜n end, maar aan spyt kom nooit â€˜n end nie.",Afrikaans
Go for a burton,English
From sea to shining sea,English
Topsy-turvy,English
Excuse my French,English
Pony and trap,English
A priori,English
Keepy-uppy,English
"Agter die donkerste onweerswolke, is die ewige son nog altyd daar.",Afrikaans
Sy gewete is toegeskroei.,Afrikaans
Boogie-woogie,English
"As jy skop, kan jy nie trek nie en as jy trek, kan jy nie skop nie.",Afrikaans
Rhyme nor reason,English
Life begins at forty,English
Wooden hill to Bedfordshire,English
Moenie die krag onderskat van dom mense in groot getalle nie.,Afrikaans
Strait-laced,English
As happy as a clam,English
New kid on the block,English
Brass tacks - get down to,English
The living daylights,English
Just deserts,English
Moveable feast,English
Toodle-oo,English
Punch above one's weight,English
As fit as a butcher's dog,English
Cold as any stone,English
An Englishman's home is his castle,English
Pound of flesh,English
Die liefde is â€˜n dubbeldoor â€“ iets te wen en iets verloor.,Afrikaans
A little knowledge is a dangerous thing,English
"Persoonlikheid het die mag om deure oop te maak, maar karakter is nodig om hul oop te hou.",Afrikaans
Old as the hills,English
To travel hopefully is a better thing than to arrive,English
Know which way the wind blows,English
Freezing temperatures,English
Prime time,English
Folk Etymology - The Nonsense Nine,English
All of a sudden,English
No dice,English
"â€˜n Druppel gal is in die soetste wyn; â€˜n Traan op elk vrolik snaar; in elke lag â€˜n sug van pyn, in elke roos â€˜n dowwe blaar. Gewis is alles net â€˜n grap! Ons speel in die komedie mee; geblinddoek met â€˜n lanferlap; wat selfs die son â€˜n skadu gee. Die een wat deur die nag ons pret beloer en laaste lag â€“ is Skoppenboer!",Afrikaans
Booby prize,English
Famous last words (dying statements of famous people - a list),English
Billy-o - Like,English
Nip in the bud,English
Chick flick,English
To boldly go where no man has gone before,English
What part of no don't you understand?,English
The balance of trade,English
Sleep on a clothesline,English
Ons  se geheim: Aanpasbaarheid.,Afrikaans
Bale out/bail out,English
Gestewel en gespoor.,Afrikaans
Hy is baie kamp.,Afrikaans
Nothing succeeds like success,English
Plain sailing,English
Hy was kleindag so onbeskof.,Afrikaans
Beter een half ei dan een lege dop.,Nederlands
A rose is a rose is a rose,English
To the manner born,English
"Celeste Herman: â€œâ€˜n Mooi uiterlike vang die oog vir â€˜n wyle, maar â€˜n mooi innerlike word â€˜n leeftyd deur die hart vasgevang.â€",Afrikaans
Laat ek vir jou vertel wat vis innie Kaap kos.,Afrikaans
Die halter afhaal.,Afrikaans
Bloody-minded,English
Raze to the ground,English
Barking up the wrong tree,English
Dit gaan maar patats.,Afrikaans
Bottom-up,English
"Als de kat van huis is, dansen de muizen op tafel.",Nederlands
Spick and span,English
Think outside the box,English
Strike while the iron is hot,English
Cash on the nail,English
Fast asleep,English
The Devil Incarnate,English
Cat out of the bag - Let the,English
Gordon Bennett,English
Cogito ergo sum,English
Mighty oaks from little acorns grow,English
When it comes to the crunch,English
"Vroeg begonnen, veel gewonnen.",Nederlands
(Beware the) Ides of March,English
Devil to pay - The,English
De laatste druppel doet de emmer overlopen.,Nederlands
Chop-chop,English
Below the belt,English
"Sielkundiges se manier van groet: â€œDit gaan goed met JOU, hoe gaan dit met my?â€",Afrikaans
Done to a turn,English
Angry young man,English
Live long and prosper,English
Hy skil sy aartappels nie twee keer oor nie.,Afrikaans
Dit is iemand anders se breinkind.,Afrikaans
A thing of beauty is a joy forever,English
In the buff,English
Get off your high horse,English
Rose by any other name would smell as sweet - A,English
A drop in the ocean,English
Jy hou jou rammetjie-uitnek.,Afrikaans
Stitch in time saves nine - A,English
Nitty-gritty,English
Win hands down,English
Ashes to ashes dust to dust,English
You can lead a horse to water but you can't make it drink,English
In the limelight,English
Meat and two veg.,English
Diamond in the rough,English
Eighty six,English
Baby father,English
Break a leg,English
A stitch in time saves nine,English
So tuis wees soos 'n vis in die water.,Afrikaans
High on the hog,English
I bear a charmed life,English
Monty - The full,English
The law is an ass,English
Point Percy at the porcelain,English
Whistle down the wind,English
Grind to a halt,English
In stitches,English
Pony up,English
Collywobbles - The,English
â€˜n Sinikus is iemand wat die prys van alles weet en die waarde van niks.,Afrikaans
Innocent until proven guilty,English
No room to swing a cat,English
Is the Pope Polish?,English
All things must pass,English
Willy nilly,English
Up a gum tree,English
Beter voorkomen dan genezen.,Nederlands
"Al is die ouer hoe arm, hy dek tog warm.",Afrikaans
Better half,English
Die sout van die aarde.,Afrikaans
Clog up,English
A turn up for the books,English
Game is up - The,English
Speak softly and carry a big stick,English
Geld uit iemand se sak jaag.,Afrikaans
Doldrums - in the,English
Fixer-upper,English
Neither here nor there,English
Laid out in lavender,English
We are a grandmother,English
"As klein mensies groot skaduwees begin gooi, is die son besig om onder te gaan.",Afrikaans
Achilles' heel,English
Lackadaisical,English
Weakest link - A chain is only as strong as its,English
Wish you were here,English
"Oh, they have slain the Earl of Moray and Lady Mondegreen",English
Over a barrel,English
"â€˜n Mens kan die wyn nie beoordeel, deur na die vat te kyk nie.",Afrikaans
Shut your cake-hole,English
Wing it,English
Sy bont varkie is weg.,Afrikaans
Sea change,English
Up to snuff,English
Come a cropper,English
Down the tubes,English
Let them eat cake,English
Second-guess,English
Till the cows come home,English
â€˜n Ou bok lus ook nog â€˜n groen blaartjie.,Afrikaans
Whistle and flute,English
Carpe Diem: Gryp die dag!,Afrikaans
Tomorrow is another day,English
Ek wonder hoeveel hy sal vra om in â€˜n drie-slaapkamer huis te spook?  [bydrae: Allan],Afrikaans
Ek verwonder my dat daardie sterk vrou so skielik dood is en daardie siek man so lank leefâ€¦.,Afrikaans
Chew the cud,English
Die druiwestokke werk met hom.,Afrikaans
Ticked off,English
To boot,English
"As jyself dink en doen, is jy beperk tot jouself. As jy LEES en DINK en DOEN, is die wye wÃªreld jou helper.",Afrikaans
I have nothing to declare but my genius,English
"Oh, my stars and garters",English
My old china,English
Hy het al weer aalwyn getap.,Afrikaans
As fit as a fiddle,English
By dint of,English
Dead ringer,English
â€˜n Gebraaide hoender vlieg niemand in die mond nie.,Afrikaans
Geld groei nie aan bome nie.,Afrikaans
Thinking cap,English
Moaning Minnie,English
The sky's the limit,English
What you see is what you get - wysiwyg,English
Mind your Ps and Qs,English
(The whole) kit and caboodle,English
Pie in the sky,English
Bag and baggage,English
Hard hearted,English
Usual suspects - The,English
The exception which proves the rule,English
"Moenie jou goed in jou lewe onder jou kinders uitdeel nie. As hul spandabel is, sal hulle die goed deurbring en as hulle alternatief inhalig is, sal hulle jou verwaarloos.   Wat ek tot my spyt en verdriet nie gedoen het nie)",Afrikaans
Savoir faire,English
Vir dertig stukke silwer.,Afrikaans
No-brainer,English
Ankle biter,English
Red in tooth and claw,English
"GOLF - Gentlemen only, ladies forbidden",English
Lick into shape,English
In the red,English
One small step for man,English
Volmaaktheid is altyd bereikbaar op â€˜n kleinigheid na.,Afrikaans
Ek moet â€˜n wegmens wees.,Afrikaans
Fool's paradise - A,English
Pig and whistle,English
Beware the Ides of March,English
Je moet het ijzer smeden als het heet is.,Nederlands
Movers and shakers,English
Hell has no fury like a woman scorned,English
In the doghouse,English
Sak Sarel pa wil 'n Springbok skiet op Dooierus.,Afrikaans
Clear blue water,English
Woman needs a man like a fish needs a bicycle - A,English
Mexican wave,English
Black as Newgate's knocker,English
Sweet Fanny Adams,English
Die dans vryspring.,Afrikaans
Heads up,English
P.D.Q. - pretty damn quick,English
As bald as a coot,English
The opera ain't over till the fat lady sings,English
In spades,English
Cold shoulder,English
"Liewers â€˜n kort skande, as â€˜n lang verdriet.",Afrikaans
Twenty three skidoo,English
Go the whole hog,English
So tussen die by en die koek.,Afrikaans
Pass over to the other side,English
There are three kinds of lies...,English
Happy as a clam,English
My bad,English
Lay it on with a trowel,English
Die Gautengers lÃª witpens op Kampsbaai se strand.,Afrikaans
Om groot te skrik is soms meer werd as goeie raad.,Afrikaans
Forgive them for they know not what they do,English
Young turk,English
Between a rock and a hard place,English
Eers grootmense en dan langore.,Afrikaans
Sledgehammer to crack a nut - A,English
Butterfingers,English
Cut off your nose to spite your face,English
Flogging a dead horse,English
Bone idle,English
On the warpath,English
My better half,English
Kiss me Hardy,English
Let bygones be bygones,English
"Wiens broodt men eet, dieâ€™ns woord met spreekt.",Afrikaans
â€˜n Skimp kan seerder maak as â€˜n skop.,Afrikaans
Word in your shell-like - A,English
"Pasop! Wat jy met jou hande opbou, moet jy nie met jou agterent omstamp nie.",Afrikaans
Cast the first stone,English
Straight from the horse's mouth,English
You can lead a whore to culture but you can't make her think,English
Main chance,English
San fairy Ann,English
Shot heard 'round the world - The,English
Friday afternoon car,English
Rest on his laurels,English
DiÃ© naweek drink ons tot die bodem!,Afrikaans
Dis asof die lank-rek van die laaste noot die kraai laat lekkerkry.,Afrikaans
Ek sÃª nooit vir my werksmense â€“ loop en gaan doen â€˜n werk nie. Ek sÃª: â€œKom ons gaan doen â€˜n werk. Bring julle toerusting.â€,Afrikaans
Ons kyk tot die droogte kom en dan kyk ons almal hemel toe.,Afrikaans
Daar is geen opregter liefde as die liefde vir kos nie.,Afrikaans
"Om te wees wat ons is en te word waartoe ons in staat is, is die enigste doelwit in die lewe.",Afrikaans
Diamond is forever - A,English
The elephant in the room,English
Thing of beauty is a joy forever - A,English
Nod - The land of,English
It's not rocket science,English
Het hart zonk hem in zijn schoenen.,Nederlands
At loggerheads,English
Back-seat driver,English
A bird in the hand is worth two in the bush,English
Whipper snapper,English
Ek is in die dolliwarie.,Afrikaans
Cor blimey,English
"Ons is wat ons herhaaldelik doen. Perfeksie is derhalwe nie â€˜n daad nie, maar â€˜n gewoonte",Afrikaans
Parting shot / Parthian shot,English
Winter drawers on,English
Yellow-belly,English
All agog,English
Barking mad,English
A sorry sight,English
Keep your chin up,English
"Hoe dieper ik poog te delven, hoe meer ik bederf ontmoet.",Afrikaans
Ball and chain,English
Buggins' turn,English
All present and correct,English
A riddle wrapped up in an enigma,English
Take potluck,English
Freeze the balls off a brass monkey - cold enough to,English
Put your back up,English
As good as gold,English
Walk the walk,English
Hy het kaplaks van die stoel af geval.,Afrikaans
All you can eat,English
First World,English
The camera cannot lie,English
Whet your appetite,English
Read between the lines,English
Å‰ Man saai nie koring in Å‰ varkhok nie.,Afrikaans
Time and tide wait for no man,English
Fast and loose,English
Balance of trade - The,English
"Kind, onthou net Ã©Ã©n ding: Jy kon nie jou ouers en voor-ouers kies nie.",Afrikaans
Fancy pants,English
Uneasy lies the head that wears a crown,English
In the cart,English
White elephant,English
Swart Grietjie soen.,Afrikaans
Hy lyk soos Sondagkos.,Afrikaans
Sacred cow,English
Dis nie alle goud wat blink nie.,Afrikaans
Hy hou van op die lawaaiwa klim.,Afrikaans
Pig in a poke,English
Knuckle under,English
Behind every great man there's a great woman,English
Back to basics,English
Fell swoop - At one,English
Weasel words,English
Hulle krap op plekke waar hulle nie jeuk nie en ander jeuk weer op plekke waar hulle nie kan krap nie!,Afrikaans
Like the clappers,English
Jy kan nooit wen as jy â€˜n saak met die Duiwel het en sy kantoor is in die Hel nie.,Afrikaans
Pearls before swine,English
If the shoe fits,English
In die donker is alle katte grou.,Afrikaans
Rule of thumb,English
Die pad is snuif tussen Soebatsfontein en Koingnaas.,Afrikaans
Swing the lead,English
The salt of the earth,English
Riding shotgun,English
Cotton-picking,English
Jan Taks die belasting man eis sy pond vleis.,Afrikaans
Tout de suite,English
Met geweld kan mens jou duim in jou hol afbreek.,Afrikaans
Paint the town red,English
Just in time,English
Shaggy dog story,English
Mother country,English
Up the wooden hill to Bedfordshire,English
Watching brief,English
Mutt and Jeff,English
Open season,English
De pot verwijt de ketel dat hij zwart ziet.,Nederlands
Van surfing,English
Camera cannot lie - The,English
Female of the species is more deadly then the male - The,English
Fathom out,English
Alive and kicking,English
The course of true love never did run smooth,English
Gad zooks (or gadzooks),English
No rest for the wicked,English
Good man is hard to find - A,English
Hy moet nie met sy rondloperhondmaniere hier kom kuier nie.,Afrikaans
Dit het gister net so â€˜n slangsleepseltjie gereent in die Kaap.,Afrikaans
"Early to bed and early to rise makes a man healthy, wealthy and wise",English
"Wie heuning wil eet, moet steke verdra.",Afrikaans
Tickled pink,English
Man after my own heart - A,English
Good men and true,English
Pot calling the kettle black - The,English
Nod is as good as a wink - A,English
A chain is only as strong as its weakest link,English
Dit kos â€˜n plaas se geld.,Afrikaans
Get the upper hand,English
Get down to brass tacks,English
Wat laat oom Japie weer die grootsÃª so hoog uit die takke haal?,Afrikaans
Greased lightning,English
Daar is te veel dak op die huis.,Afrikaans
Tits up,English
Vanish into thin air,English
Say goodnight Gracie,English
"Wie het laatst lacht, lacht het best.",Nederlands
Vele handen maken licht werk.,Nederlands
â€œSy skop nie baie watts uit nieâ€  â€“ ingestuur deur Hanlie,Afrikaans
Hy dink hy is die goewerneur se hond se oom.,Afrikaans
If the cap fits,English
Tattoo phrases and sayings,English
Countenance more in sorrow than in anger - A,English
Get used to it,English
Wild goose chase,English
Fly by the seat of one's pants,English
Cold enough to freeze the balls off a brass monkey,English
Merry Christmas,English
Laurels - rest on one's,English
Politici loop almal met twee aangesigte,Afrikaans
Speak of the Devil,English
Total shambles,English
Die droÃ«pram is al mooi groot.,Afrikaans
Great unwashed - the,English
Pasop vir die man wat te veel praat. Sy korrels is vol kaf en pasop vir die een wat niks sÃª nie. Hy het â€˜n verskuilde agenda.,Afrikaans
Sagte dokters maak stinkende wonde.,Afrikaans
Blood and thunder,English
Ducks and drakes,English
Crop up,English
"As jy geluk wil vind en soek, sal jy dit kry, soos die ou dame haar bril â€“ al die tyd veilig op haar neusâ€¦",Afrikaans
The best laid schemes of mice and men,English
Abide with me,English
The triumph of hope over experience,English
Sorg dat jy nooit jou geld belÃª in enigiets wat eet of wat geverf moet word nie.,Afrikaans
Plugged nickel,English
Grinning like a Cheshire cat,English
Ã€ugur well,English
"Horse, a horse, my kingdom for a horse - A",English
Carpe diem,English
Laugh like a drain,English
Touch with a barge-pole - Wouldn't,English
Karakter is soos â€˜n boom en reputasie sy skaduwee. Die skaduwee is wat ons daarvan dink; die boom is die werklikheid.,Afrikaans
Beck and call,English
Rat arsed,English
Pick 'n' mix,English
On cloud nine,English
Fingers and thumbs,English
As dikmelk kaas geword het.,Afrikaans
Die wonder van â€˜n nuwe oggend is dat dit ons die geleentheid gee om VOOR TE BEGIN!,Afrikaans
Donkey's years,English
Go out on a limb,English
Beggars can't be choosers,English
Against the grain,English
"Hoe groter gees, hoe groter bees.",Afrikaans
Indian giver,English
"Ontwyk die uitvraer, want hy is ook â€˜n verklapper.",Afrikaans
Spitting feathers,English
â€˜n Blaadjie uit iemand se boek neem.,Afrikaans
Season of mists and mellow fruitfulness,English
Broad in the beam,English
â€œSy praat mos so onder haar asem. â€,Afrikaans
Fine words butter no parsnips,English
Acronyms,English
Extraordinary rendition,English
Take the bit between your teeth,English
Done a runner,English
Johnny on the spot,English
The great unwashed,English
Aide-mÃ©moire,English
When the shit hits the fan,English
A foot in the door,English
Dreams of empire,English
Daar is geen regte manier om â€˜n verkeerde ding te doen nie.,Afrikaans
Frog's hair- as fine as,English
Pop goes the weasel,English
Burn the candle at both ends,English
Nuuskierige agies hoort in die wolwehok!,Afrikaans
Gooi weg die blink horlosies â€“ werk van son-op tot son-onder EN die plaas is JOU Baas â€“ nie jy nie.,Afrikaans
A fool's paradise,English
Age before beauty,English
Big fish in a small pond - A,English
Body surfing,English
Go pound sand,English
Dit is te dik vir â€˜n Daalder.,Afrikaans
Plates of meat,English
Name and shame,English
Writing is on the wall - The,English
The early bird catches the worm,English
Een mens verneuk nie â€˜n ander nie. Elke mens verneuk homself.,Afrikaans
Hear hear,English
Don't go there,English
Scarper,English
Hy is ganspen.,Afrikaans
Never look a gift horse in the mouth,English
As die hingste vul .,Afrikaans
Mea culpa,English
Fish or cut bait,English
Hy is pad op.,Afrikaans
So besig soos 'n miernes wees.,Afrikaans
As armoede by die voordeur inkom gaan liefde by die agterdeur uit.,Afrikaans
â€œSy praat so baie sy sal die agterbeen van â€˜n donkie afpraat.â€,Afrikaans
By hook or by crook,English
"â€˜n Mens moet onthou WIE die tafel gedek het, WIE die kos voorberei het.",Afrikaans
Drop in the bucket - A,English
Twelve good men and true,English
Caught by the short hairs,English
"Die lewe het my leer dink, maar die dink het my nie leer leef nie.",Afrikaans
I told you is was ill,English
Cold comfort,English
Up the duff,English
Bodice ripper,English
Hy is meer verward as â€˜n bergie onder huisarres.,Afrikaans
"Be afraid, be very afraid",English
Let a thousand flowers bloom,English
Back of beyond - The,English
A shot in the arm,English
Tot by oom Daantjie in die kalwerhok.,Afrikaans
Turn the tables,English
Not a dicky-bird,English
"Dis nie welvaart en swier wat geluk bring nie, maar kalmte en werk.",Afrikaans
Sick puppy (A),English
As daft as a brush,English
Zwijgen is goud.,Nederlands
Keep your hands clean,English
Hy laat lÃª nie kos nie.,Afrikaans
A little of what you fancy does you good,English
It's not rocket science,English
Hy gaan met aasdieromslagtigheid te werk.,Afrikaans
"Vroeg uit die bed, maak die beursie vet!",Afrikaans
Ek kon my weldade dikker gesaai het en hulle sou mekaar nie verdring het nie.,Afrikaans
Yada yada,English
Run of the mill,English
Dog's dinner,English
Swan song,English
Curry favour,English
"Ons is gebore om die waarheid na te streef â€“ om dit te besit, is die voorreg van â€˜n HoÃ«r Mag.",Afrikaans
The game is up,English
Which is which?,English
Hy raak toe sommer doringbos vir haar.,Afrikaans
No names: no pack-drill,English
Ladies' room,English
"Stuur die luiaard na die mier en as hy nie te lui is om te gaan nie, sal hy te lui wees om terug te kom.",Afrikaans
On the fiddle,English
Hyâ€™t sommer so sjierts by ons verbygejaag.,Afrikaans
Date rape,English
Raspberry tart,English
Straight as a die,English
Lead balloon - Go over like a,English
(The) sky's the limit,English
Know your onions,English
Let there be light,English
In a pig's eye,English
â€œHy trek â€˜n Mbeki.â€,Afrikaans
"Waar jy nie die daad kan weglieg nie, kan jy altyd â€˜n ekskuus bylieg.",Afrikaans
Less is more,English
Penny saved is a penny earned - A,English
One-hit wonder,English
The blind leading the blind,English
A feather in one's cap,English
Hy het hier aangewaai gekom.,Afrikaans
The bee's knees,English
April fool,English
Die berg het â€˜n muis gebaar.,Afrikaans
"Julle kan dink en praat soos julle voel en oortuig is. Ek sal dit respekteer MAAR, moenie die houding van AAG-G WAT-T, aankweek nie.",Afrikaans
Barge-pole - Wouldn't touch with a,English
As fast as greased lightning,English
Stuff and nonsense,English
Never-never land,English
Hy is gesout teen masels.,Afrikaans
Three score and ten,English
With bells on,English
Below the salt,English
Piping hot,English
Beg the question,English
Fate worse than death - A,English
"Daar is lewe in die grond. Dit gaan in die saad in en wanneer dit versteur word, gaan dit ook in die man wat dit versteur.",Afrikaans
"Stark, raving mad",English
Tie the knot,English
I will wear my heart upon my sleeve,English
Bad egg,English
Ek is nou die baas en jy is Klaas met ou Hansie die kneg.,Afrikaans
Bang on about,English
Keep your nose to the grindstone,English
"Jy moet maar self groei, ongeag hoe groot jou oupa was.",Afrikaans
Wear the trousers,English
Stinking rich,English
Sy het â€˜n regte naweeklyfie.,Afrikaans
So bang soos â€˜n Bolander vir donderweer.,Afrikaans
Tissue of lies,English
Beyond our ken,English
(It) fell off the back of a truck,English
Jack Palancing,English
Bling-bling,English
â€˜n Mens kan met â€˜n bokwa en â€˜n lang span osse daarin draai.,Afrikaans
Champ at the bit,English
Muren hebben oren.,Nederlands
Nooit gedink my blindederm sal lank genoeg wees nie.,Afrikaans
â€˜n Aap op jou rug hÃª.,Afrikaans
Darby and Joan,English
Top drawer,English
Bring home the bacon,English
"Jors het die naweek weer netjies gevat, nouâ€™s hy weer tieprag op die Maandag.",Afrikaans
Cliff-hanger,English
Die ding lyk maar tonteldoek.,Afrikaans
Let your hair down,English
Valentine's Day Poems and Sayings,English
As dead as a doornail,English
â€œDie beste vakansie is die een waar die vrouens byt en die muskiete nie.â€,Afrikaans
Shot in the arm,English
Frog in the throat - A,English
Chop and change,English
Help jou buurman om sy las te dra en jy sal jou verwonder hoveel ligter jou eie word.,Afrikaans
So arm soos â€˜n kerkmuis.,Afrikaans
De puntjes op de i zetten.,Nederlands
Van â€™n donkie kan jy â€™n skop verwag.,Afrikaans
(By the) skin of your teeth,English
"Ek probeer my skandelike verlede troos met goeie voornemens vir die toekoms, maar hy skud net sy kop.",Afrikaans
Elephant in the room,English
Stone the crows,English
"Die manier om â€˜n goeie reputasie te kry, is om eerlik te streef na die beeld wat jy wil wees.",Afrikaans
Green eyed monster,English
Never give a sucker an even break,English
Lose your marbles,English
Heebie-jeebies - The,English
All in all,English
As snug as a bug in a rug,English
A picture is worth a thousand words,English
Moot point,English
Blonde bombshell,English
Booby trap,English
Get your goat,English
Mal Jan onder die afkop-hoenders.,Afrikaans
Press into service,English
"The ants are my friends, they're blowing in the wind",English
More bang for your buck,English
Hy staan op die dak.  â€“ ingestuur deur June Edwards,Afrikaans
Hy is nie onder 'n kalkoen uitgebroei nie.,Afrikaans
Nest-egg,English
Anchors aweigh,English
Left in the lurch,English
Two heads are better than one,English
Pull in your horns,English
Box-seat - in the,English
Pull yourself up by your bootstraps,English
Jors se gat stamp.,Afrikaans
Let or hindrance,English
Langnek-Kaatjie soen.,Afrikaans
Foregone conclusion,English
Zig-zag,English
Pork pies,English
On a hiding to nothing,English
Strait and narrow,English
Fly on the wall,English
"Die mens wat dink geld het veel waarde, bly nog â€˜n tydverkwister. So, koop al die skatte van die aarde â€“ nie een minuut van gister.",Afrikaans
Rob Peter to pay Paul,English
Dog in the manger,English
Technicolor yawn,English
Sour grapes,English
Meet your Waterloo,English
Field day,English
Behind the eight ball,English
Allemansvriend is niemandsvriend.  http://goo.gl/SddnQ,Afrikaans
Acid test,English
Morning person,English
Grand slam,English
Not tonight Josephine,English
It's better to give than to receive,English
Eye candy - see ear candy,English
Living off the fat of the land,English
Sealed with a loving kiss,English
Someone is walking over my grave,English
Mumbo jumbo,English
Rack and ruin,English
Hairy eyeball,English
How now brown cow?,English
Twee vliegen in Ã©Ã©n klap slaan.,Nederlands
Die laaitie se hakskene word rooi.,Afrikaans
In the club,English
As easy as pie,English
"Nasty, brutish and short",English
Tide over,English
A bunch of fives,English
Daar is slegte bloed tussen hulle.,Afrikaans
Black sheep of the family,English
Apple of my eye - The,English
Red-handed (caught),English
Don't have a clue,English
High time,English
(A) watched pot never boils,English
Many are called but few are chosen,English
Good riddance,English
Floozie in the jacuzzi - The,English
"Been there, done that",English
On the ball,English
Over the top,English
Die mannetjie kwyl agter rok-goed aan.,Afrikaans
Complete shambles,English
Toe the line,English
Cockney rhyming slang,English
Nul points,English
"Hoe beter man jy is, hoe jammerder is dit van die fout wat jy het. Dis op die wit papier wat die swart klad duidelik wys.",Afrikaans
Almanakke druk.,Afrikaans
As mad as a hatter,English
Once in a blue moon,English
Wee-wee,English
Indian summer,English
Iets is beter dan niets.,Nederlands
Kop bo water hou.,Afrikaans
Go Dolally,English
Die swaarste ding om te dra is â€˜n wrok.,Afrikaans
As good luck would have it,English
Not worth the candle,English
Silver bullet,English
Nosy parker,English
Pie - as easy as,English
Man who is his own lawyer has a fool for a client - A,English
Mens moet nie werk om te lewe nie â€“ hy moet lewe om te werk.,Afrikaans
Fools' gold,English
Have an inkling,English
Betaal â€˜n donkie se prys en moenie â€˜n perd se dienste te wagte wees nie.,Afrikaans
Baker's dozen,English
Top dog,English
Seen better days,English
Big cheese - The,English
More honoured in the breach than in the observance,English
In the nick of time,English
Train surfing,English
Piggyback,English
Foul play,English
â€˜n Vergenoegde mens kan die natuurskoon langs â€˜n pad geniet.,Afrikaans
Stick in the mud,English
Poetic justice,English
Peeping Tom,English
Preaching to the choir,English
Have no truck with,English
In the box-seat,English
Ring the changes,English
Cut the mustard,English
Man does not live by bread alone,English
Security blanket,English
Peter out,English
Say cheese,English
Gedane zaken nemen geen keer.,Nederlands
Clod-hopper,English
Know the ropes,English
Jan Alleman in die straat is die segsman vir die ouens wat met hulle mond vol tande staan.,Afrikaans
Jack - phrases that include the name Jack,English
Bats in the belfry,English
Touch wood,English
"As die pappot oorkook, maak dit â€˜n gemors â€“ ook van homself.",Afrikaans
My old Dutch,English
Moving the goalposts,English
Channel surfing,English
Words ending in gry,English
About turn,English
"Bid vir â€˜n goeie oes, maar hou aan werk.",Afrikaans
Elvis has left the building,English
Die-hard,English
"If music be the food of love, play on",English
Turn a blind eye,English
Ek kan enigiets weerstaan behalwe versoeking.,Afrikaans
Upside down,English
Thin air - Vanish into,English
"Wanneer die moeilikheid so groot soos â€˜n berg is, klim die wyse bo-oor. Die dwaas graaf â€˜n tonnel onderdeur en bly binne vassteek. Die lafaard draai om.",Afrikaans
Tea leaf,English
Dit is die klein botteltjies wat die groot gif het.,Afrikaans
Giddy goat,English
Funny farm,English
Draw your horns in,English
"As jy daaroor kan lag, kan jy daarmee saamleef.",Afrikaans
Touchy-feely,English
End of story,English
Jou roes uitslaap.,Afrikaans
Three strikes and you are out,English
"If you think that, you have another think coming",English
"Rag, tag and bobtail",English
Act the giddy goat,English
Geld wat geel is maak reg wat skeel is.,Afrikaans
Put the mockers on,English
"(H)asta la vista, baby",English
As happy as Larry,English
High and mighty,English
Geleentheid maak die dief.,Afrikaans
"Die beste manier om â€˜n goeie indruk op iemand te maak, is om hom die geleentheid te gee om â€˜n goeie indruk op jou te maak.",Afrikaans
Little knowledge is a dangerous thing - A,English
Body - phrases related to the human body,English
Petty cash,English
So bang soos â€˜n haas vir â€˜n hond.,Afrikaans
An apple a day keeps the doctor away,English
Guts for garters,English
â€˜n Pot vol goud.,Afrikaans
Bought the farm,English
More fool you,English
Keep your nose clean,English
Born with a silver spoon in one's mouth,English
Under the thumb,English
Cheap at half the price,English
Wet behind the ears,English
Half inch,English
Soos â€™n hand vol vlieÃ«.,Afrikaans
Hunt and peck,English
Nest of vipers - A,English
Road rage,English
Pull out all the stops,English
Red herring,English
Daai manne by die spele ry toe-speek!,Afrikaans
(Ne'er) cast a clout till May be out,English
Shit end of the stick - The,English
A sight for sore eyes,English
As busy as a bee,English
The apple of my eye,English
